{
  "schema_version": "1.0.0",
  "packages": [
    {
      "id": "sceasar",
      "version": "1.0.0",
      "name": "SCeasar",
      "tagline": "Example Add-on",
      "maintainer": "Your Name <you@example.com>",
      "type": "add-on",
      "blender_version_min": "4.0.0",
      "license": ["GPL-3.0-or-later"],
      "download_url": "https://raw.githubusercontent.com/JOKAPER-21/Open-Addons/main/openAddons/SCeasar.zip",
      "platforms": ["windows", "linux", "macos"]
    }
  ]
}
